Name,Mileage,Dealer Name,Rating,Rating Count,Price,Year,newmiles
2009 BMW 335 i,82481,Caspian Auto Motors,3.7,170 ,14677,2009,82481
2011 BMW 335 i,89022,Frontline Motors,2.3,9 ,16998,2011,89022
2007 BMW 335 i,67000,n/a,n/a,n/a,10000,2007,67000
2008 BMW 335 i,57605,Car2Sell,4.7,449 ,12900,2008,57605
2011 BMW 335 i xDrive,41931,BMW of Ridgefield,4.7,474 ,22990,2011,41931
2009 BMW 335 i,61791,"Dax's Deals, Inc",3.2,18 ,17995,2009,61791
2007 BMW 335 i,96186,Legend Auto Sales,3.7,22 ,14997,2007,96186
2011 BMW 335 i,48882,Loveland Ford Lincoln,4.6,"1,321 ",24005,2011,48882
2009 BMW 335 i,59621,"Chuck Nash Chevrolet, Buick, GMC",4.6,488 ,15471,2009,59621
2007 BMW 335 i,74400,Houston Direct Auto,4.2,891 ,12991,2007,74400
2009 BMW 335 i,42344,Autowise,4.5,77 ,18388,2009,42344
2011 BMW 335 i,46681,Gulf Coast Auto Brokers of Sarasota,4.1,84 ,20995,2011,46681
2011 BMW 335 i,73025,Fitzgerald Toyota Gaithersburg,4.7,919 ,18595,2011,73025
2008 BMW 335 i,92910,Ponca Auto World,4.9,10 ,12950,2008,92910
2008 BMW 335 i,83016,Jet's Auto Sales,2.9,37 ,16995,2008,83016
2011 BMW 335 d,115000,AutoNation Toyota Arapahoe,4.5,"2,259 ",12998,2011,115000
2008 BMW 335 xi,85060,Auto House Motors,3.6,49 ,11990,2008,85060
2008 BMW 335 i,69426,Mazda of Fort Myers,1.0,3 ,12273,2008,69426
2011 BMW 335 i,125681,Greenway Ford,4.6,"3,276 ",10680,2011,125681
2009 BMW 335 i,115849,Austin Direct Auto Sales,3.7,72 ,12900,2009,115849
2011 BMW 335 i,87436,AutoNation Ford South Fort Worth,4.7,639 ,15985,2011,87436
2009 BMW 335 i,96919,Pary's Auto Sales,3.3,41 ,9999,2009,96919
2008 BMW 335 i,90251,Jet's Auto Sales,2.9,37 ,16995,2008,90251
2009 BMW 335 i,78592,Carvana-Touchless Delivery To Your Home,4.2,"8,873 ",16990,2009,78592
2009 BMW 335 i,96867,Select Motor Auto Sales,4.7,15 ,19988,2009,96867
2011 BMW 335 i,86050,AutoWits,4.8,125 ,18798,2011,86050
2009 BMW 335 i,112988,Titanium International Motors LLC,4.2,5 ,11490,2009,112988
2010 BMW 335 i,122793,Ourisman Ford of Manassas,3.9,309 ,13000,2010,122793
2009 BMW 335 i,116070,n/a,n/a,n/a,12599,2009,116070
2011 BMW 335 i,82774,Carvana-Touchless Delivery To Your Home,4.2,"8,876 ",16990,2011,82774
2011 BMW 335 i,76105,BMW of Sarasota,4.7,"8,902 ",25473,2011,76105
2007 BMW 335 i,127501,Haus of Imports,4.5,16 ,11400,2007,127501
2009 BMW 335 i,76763,Auto Haus of Williamsburg,5.0,4 ,14500,2009,76763
2011 BMW 335 i,81197,Shift Seattle,3.7,5 ,17950,2011,81197
2011 BMW 335 d,67495,Carvana-Touchless Delivery To Your Home,4.2,"8,873 ",18590,2011,67495
2011 BMW 335 i,34886,Carvana-Touchless Delivery To Your Home,4.2,"8,881 ",26990,2011,34886
2010 BMW 335 i,67610,BMW of Alexandria,4.4,730 ,18790,2010,67610
2009 BMW 335 i xDrive,108000,Dan Martin's Auto Depot,5.0,9 ,14500,2009,108000
2009 BMW 335 i,93000,TRED Private Seller (Portland),3.0,9 ,11500,2009,93000
2011 BMW 335 i xDrive,131030,Main Street Motors,4.6,279 ,10295,2011,131030
2008 BMW 335 i,69835,RPM Motors,3.6,7 ,14900,2008,69835
2008 BMW 335 i,72316,VIP Autos,4.6,21 ,16899,2008,72316
2010 BMW 335 i,37649,Shift Bay Area,3.6,136 ,21950,2010,37649
2011 BMW 335 i xDrive,48248,Carvana-Touchless Delivery To Your Home,4.2,"8,873 ",22990,2011,48248
2011 BMW 335 i,49645,Carvana-Touchless Delivery To Your Home,4.2,"8,880 ",24990,2011,49645
2007 BMW 335 xi,140000,TRED Private Seller (Portland),3.0,9 ,7099,2007,140000
2011 BMW 335 i,112774,Highline Imports,3.8,133 ,12500,2011,112774
2008 BMW 335 335i,96939,Germain Toyota,4.6,"2,779 ",13000,2008,96939
2011 BMW 335 i,58448,Carvana-Touchless Delivery To Your Home,4.2,"8,902 ",24590,2011,58448
2011 BMW 335 i,58606,Carvana-Touchless Delivery To Your Home,4.2,"8,875 ",20990,2011,58606
2009 BMW 335 i,62644,Carvana-Touchless Delivery To Your Home,4.2,"8,873 ",18990,2009,62644
2011 BMW 335 i,65365,Carvana-Touchless Delivery To Your Home,4.2,"8,873 ",21990,2011,65365
2008 BMW 335 i,75583,Geneva Foreign & Sports,4.3,161 ,16995,2008,75583
2007 BMW 335 i,77221,South Street Autos,3.3,14 ,16990,2007,77221
2009 BMW 335 i xDrive,99099,Jet's Auto Sales,2.9,37 ,16995,2009,99099
2011 BMW 335 i,43174,Carvana-Touchless Delivery To Your Home,4.2,"8,876 ",26590,2011,43174
2009 BMW 335 i xDrive,116378,Indy Wholesale Direct,4.6,448 ,13995,2009,116378
2010 BMW 335 d,133454,AutoNation Toyota Irvine,4.4,"1,790 ",13595,2010,133454
2011 BMW 335 i,76696,Carvana-Touchless Delivery To Your Home,4.2,"8,873 ",20990,2011,76696
2010 BMW 335 d,78449,Netto Motors,3.8,11 ,15950,2010,78449
2008 BMW 335 i,74581,Auto Haus on Velp,4.9,733 ,17597,2008,74581
2011 BMW 335 i,90610,Breakaway Honda,4.8,"1,661 ",14473,2011,90610
2008 BMW 335 i,76485,OC Auto Exchange,3.7,139 ,11899,2008,76485
2011 BMW 335 i,50375,Carvana-Touchless Delivery To Your Home,4.2,"8,875 ",21990,2011,50375
2007 BMW 335 xi,125410,Jet's Auto Sales,2.9,37 ,8995,2007,125410
2011 BMW 335 i,37364,Carvana-Touchless Delivery To Your Home,4.2,"8,873 ",26990,2011,37364
2010 BMW 335 d,137617,QLD Auto Inc.,1.0,5 ,10999,2010,137617
2008 BMW 335 i,70295,Weston Auto Gallery,4.7,126 ,16480,2008,70295
2009 BMW 335 i,59891,Carvana-Touchless Delivery To Your Home,4.2,"8,874 ",18590,2009,59891
2008 BMW 335 i,79583,Auto Park Dallas,4.1,44 ,19995,2008,79583
2011 BMW 335 i,85800,Lapin Motors,3.0,23 ,17491,2011,85800
2008 BMW 335 i,134246,Quality Motorcars,3.7,44 ,9995,2008,134246
2011 BMW 335 i,86934,Beaverton Car Company,4.1,137 ,16500,2011,86934
2008 BMW 335 i,61549,MDK International,4.0,96 ,17990,2008,61549
2011 BMW 335 i xDrive,111710,Enthusiast Autohaus,n/a,n/a,14995,2011,111710
2010 BMW 335 i,63357,Fares Auto Sales,3.9,19 ,19998,2010,63357
2008 BMW 335 i,75870,Lot 99,1.5,18 ,14995,2008,75870
2011 BMW 335 i,71378,Carvana-Touchless Delivery To Your Home,4.2,"8,873 ",21990,2011,71378
2008 BMW 335 i,101410,Auto 4 Less,4.1,11 ,11991,2008,101410
2011 BMW 335 i xDrive,63399,"Fort Collins Dodge, Chrysler, Jeep, RAM",4.5,429 ,16995,2011,63399
2008 BMW 335 335xi,127331,Journey Auto Sales,4.4,25 ,10597,2008,127331
2008 BMW 335 i,91216,Auto Gallery Chicago,3.8,89 ,11890,2008,91216
2009 BMW 335 i xDrive,43604,Jet's Auto Sales,2.9,37 ,21995,2009,43604
2011 BMW 335 i xDrive,112597,Shift Los Angeles,3.8,89 ,16950,2011,112597
2007 BMW 335 i,73248,Ivey Motorcars,5.0,48 ,18990,2007,73248
2007 BMW 335 i,91008,AutoNation Chrysler Dodge Jeep Ram Bellevue,4.4,655 ,13998,2007,91008
2011 BMW 335 i xDrive,126075,Carrva,4.9,93 ,9995,2011,126075
2009 BMW 335 i xDrive,126661,Main Street Motors,4.6,23 ,12850,2009,126661
2011 BMW 335 i xDrive,95518,Mayo Autos Inc.,4.7,88 ,14770,2011,95518
2011 BMW 335 i xDrive,136659,Automotion sales,3.4,11 ,11987,2011,136659
2010 BMW 335 i,108749,RPM Motors,3.6,7 ,14900,2010,108749
2007 BMW 335 i,113294,CarWorld,3.1,83 ,8495,2007,113294
2008 BMW 335 i,74640,United Motors,2.6,15 ,18999,2008,74640
2010 BMW 335 d,105277,Chrysler Dodge Jeep Ram of Seattle,4.6,532 ,11995,2010,105277
2009 BMW 335 335i,109247,Performance Motors,5.0,13 ,10999,2009,109247
2011 BMW 335 is,95921,Trimax Auto Group,4.8,5 ,21995,2011,95921
2008 BMW 335 i,172907,Automax Shawnee Auto Sales,1.9,5 ,4969,2008,172907
2007 BMW 335 i,101887,Jet's Auto Sales,2.9,37 ,14995,2007,101887
2011 BMW 335 d,110225,Ultimate Autoline,4.5,11 ,12995,2011,110225
2007 BMW 335 i,86000,n/a,n/a,n/a,9500,2007,86000
2008 BMW 335 i,99664,Whitaker Sports and Import Cars,4.2,5 ,Not Priced,2008,99664
2010 BMW 335 i,117420,RPM Garage,3.8,10 ,12991,2010,117420
2007 BMW 335 i,76433,Starfire Auto Inc.,4.5,79 ,12990,2007,76433
2007 BMW 335 i,180000,TRED Private Seller (Cleveland),n/a,n/a,10000,2007,180000
2008 BMW 335 i,117096,The Car House,3.3,73 ,9995,2008,117096
2008 BMW 335 i,117561,Globul,n/a,0 ,12900,2008,117561
2010 BMW 335 i,73771,Plymouth Auto Sales,4.7,26 ,17999,2010,73771
2010 BMW 335 i,110000,Car Village,n/a,0 ,9899,2010,110000
2011 BMW 335 is,114634,TX Auto Group,4.1,88 ,19495,2011,114634
2011 BMW 335 i,96412,Luxury Cars of Ft Lauderdale,1.0,1 ,16499,2011,96412
2011 BMW 335 i,87337,Divine Motors,n/a,n/a,15699,2011,87337
2011 BMW 335 is,40506,Highline Imports,3.8,133 ,28500,2011,40506
2011 BMW 335 i,85544,Vehicle Warehouse,4.0,4 ,16990,2011,85544
2009 BMW 335 i,108651,CarYou,n/a,n/a,9999,2009,108651
2010 BMW 335 i xDrive,78779,Auto Trader Wholesale,3.4,23 ,15995,2010,78779
2010 BMW 335 335i,112254,"Powers Motorsports, LLC.",n/a,n/a,14750,2010,112254
2011 BMW 335 d,122029,JD Motors,4.0,53 ,16998,2011,122029
2011 BMW 335 i xDrive,102293,Auto Mall of Springfield,3.1,206 ,12995,2011,102293
2009 BMW 335 d,91849,Vehicle Warehouse,4.0,4 ,14490,2009,91849
2011 BMW 335 i,51820,Authentic Auto Sales,4.3,13 ,19990,2011,51820
2010 BMW 335 i,49750,Shift Dallas,n/a,0 ,19950,2010,49750
2011 BMW 335 i,51820,Authentic Auto Sales,4.3,13 ,19990,2011,51820
2010 BMW 335 i xDrive,118771,United Motors,2.6,15 ,15999,2010,118771
2007 BMW 335 i,160003,United Motors,2.6,15 ,9999,2007,160003
2008 BMW 335 i,86280,Avon Auto Brokers,4.7,773 ,18995,2008,86280
2011 BMW 335 d,124353,Top Quality Auto Sales,3.1,14 ,11995,2011,124353
2010 BMW 335 i,46545,Select Motor Cars,4.5,31 ,23895,2010,46545
2011 BMW 335 i xDrive,109047,Inter Auto,4.2,16 ,13499,2011,109047
2009 BMW 335 i,103200,Euro-Asian Cars,4.8,28 ,13900,2009,103200
2007 BMW 335 i,110000,n/a,n/a,n/a,13000,2007,110000
2011 BMW 335 i xDrive,104011,DM Motors LLC,2.4,3 ,18995,2011,104011
2011 BMW 335 i,92787,Highline Imports,3.8,133 ,17500,2011,92787
2007 BMW 335 i,124337,Garden State Motors,n/a,n/a,7995,2007,124337
2009 BMW 335 i xDrive,132980,AutoNation Ford North Canton,4.5,775 ,10991,2009,132980
2008 BMW 335 i,76000,n/a,n/a,n/a,12000,2008,76000
2008 BMW 335 i,175339,Hagan Automotive,4.3,6 ,10975,2008,175339
2008 BMW 335 xi,160000,n/a,n/a,n/a,7700,2008,160000
2009 BMW 335 i xDrive,126605,Loudoun Used Cars,4.6,74 ,10999,2009,126605
2007 BMW 335 i,122774,Starfire Auto Inc.,4.5,79 ,9980,2007,122774
2009 BMW 335 i xDrive,100734,Auto Boutique,4.5,421 ,12500,2009,100734
2010 BMW 335 i,73708,Carvana-Touchless Delivery To Your Home-Springdale,n/a,n/a,16990,2010,73708
2009 BMW 335 i xDrive,90000,n/a,n/a,n/a,15000,2009,90000
2009 BMW 335 i xDrive,115255,ADI Autosport,4.4,56 ,13995,2009,115255
2011 BMW 335 i xDrive,86063,Picasso Imports,n/a,n/a,14900,2011,86063
2011 BMW 335 i,51724,Carvana-Touchless Delivery To Your Home,4.2,"8,873 ",24990,2011,51724
2011 BMW 335 i xDrive,98463,Vehicle City Motors,2.1,8 ,15450,2011,98463
2011 BMW 335 i,73839,Mega Auto Outlet,2.1,47 ,13995,2011,73839
2009 BMW 335 i,110000,n/a,n/a,n/a,11900,2009,110000
2011 BMW 335 i xDrive,91652,Hillsboro Auto Mart Inc,2.4,23 ,19999,2011,91652
2008 BMW 335 i,62045,Jet's Auto Sales,2.9,37 ,16995,2008,62045
2011 BMW 335 i xDrive,123627,Inter Auto,4.2,16 ,11999,2011,123627
2007 BMW 335 i,69607,Marin Imports,3.6,9 ,14900,2007,69607
2011 BMW 335 i,93750,High Class Auto Sales,1.0,1 ,13998,2011,93750
2009 BMW 335 i,60999,Performance Motorcars of CT,n/a,0 ,18995,2009,60999
2010 BMW 335 i,41419,Carvana-Touchless Delivery To Your Home,4.2,"8,886 ",23590,2010,41419
2011 BMW 335 i xDrive,114658,JDM Auto,4.4,7 ,13495,2011,114658
2011 BMW 335 i xDrive,53089,International Auto Outlet,3.7,182 ,18995,2011,53089
2011 BMW 335 i,71905,Balkan Motors,4.0,23 ,29995,2011,71905
2011 BMW 335 i,34523,Carvana-Touchless Delivery To Your Home-Bangor,n/a,n/a,27990,2011,34523
2008 BMW 335 i,120000,n/a,n/a,n/a,8000,2008,120000
2011 BMW 335 i,64330,Loveland Ford Lincoln,4.6,"1,321 ",22246,2011,64330
2011 BMW 335 i xDrive,61136,Shift Seattle,3.7,5 ,18650,2011,61136
2011 BMW 335 is,107210,"Golden Auto Group, Inc",3.5,28 ,18999,2011,107210
2007 BMW 335 i,129857,Singh Auto Sales,n/a,n/a,9999,2007,129857
2008 BMW 335 i,160600,Starfire Auto Inc.,4.5,79 ,7990,2008,160600
2009 BMW 335 i,118500,TRED Private Seller (Inland Empire),1.0,4 ,12000,2009,118500
2011 BMW 335 i,39558,n/a,n/a,n/a,23000,2011,39558
2011 BMW 335 i xDrive,123473,Germain Lexus of Dublin,4.7,350 ,14953,2011,123473
2008 BMW 335 i,126000,n/a,n/a,n/a,8300,2008,126000
2011 BMW 335 is,63000,n/a,n/a,n/a,28500,2011,63000
2011 BMW 335 i,69900,n/a,n/a,n/a,19995,2011,69900
2009 BMW 335 i xDrive,61300,n/a,n/a,n/a,17495,2009,61300
2011 BMW 335 i,188296,Excalibur Auto Sales,3.5,8 ,8777,2011,188296
2009 BMW 335 i xDrive,96000,n/a,n/a,n/a,17500,2009,96000
2011 BMW 335 i,97950,Professional Auto Center Inc,n/a,n/a,14295,2011,97950
2011 BMW 335 i xDrive,89720,LaFontaine Ford Birch Run,4.0,64 ,16544,2011,89720
2007 BMW 335 i,117000,n/a,n/a,n/a,12000,2007,117000
2011 BMW 335 i xDrive,154899,Lafayette Ford Lincoln,n/a,0 ,11000,2011,154899
2007 BMW 335 xi,120741,Rolls-Royce Motor Cars Raleigh,4.5,82 ,10988,2007,120741
2011 BMW 335 i,66348,Mint Motors,4.1,13 ,24900,2011,66348
2009 BMW 335 335i xDrive,76450,Imports Collection Inc.,5.0,14 ,17885,2009,76450
2008 BMW 335 i,49486,Jet's Auto Sales,2.9,37 ,18995,2008,49486
2008 BMW 335 i,93961,GTX Auto Group INC,3.7,46 ,14997,2008,93961
2011 BMW 335 i xDrive,73237,Shift Portland,2.3,7 ,14950,2011,73237
2007 BMW 335 i,180000,n/a,n/a,n/a,6200,2007,180000
2011 BMW 335 is,105115,"Golden Auto Group, Inc",3.5,28 ,18999,2011,105115
2008 BMW 335 i,113815,United Motors,2.6,15 ,15999,2008,113815
2011 BMW 335 i,101407,Cave Creek Jabers Auto Sales,4.0,9 ,18995,2011,101407
2011 BMW 335 i,54759,MAG Motor Company,3.0,6 ,19995,2011,54759
2011 BMW 335 i xDrive,97773,Williams Service Center,n/a,n/a,17426,2011,97773
2011 BMW 335 i xDrive,97355,MB Motors - Bellingham,4.1,32 ,13500,2011,97355
2011 BMW 335 i,75170,Das Auto LLC,5.0,5 ,16900,2011,75170
2011 BMW 335 i,74970,n/a,n/a,n/a,21500,2011,74970
2010 BMW 335 i xDrive,109811,Williams Service Center,n/a,n/a,12974,2010,109811
2009 BMW 335 i,104652,Luxury Car Outlet,4.4,47 ,14995,2009,104652
2011 BMW 335 i,58800,n/a,n/a,n/a,21699,2011,58800
2007 BMW 335 i,60628,East County Preowned Superstore,4.7,359 ,17888,2007,60628
2011 BMW 335 i xDrive,117768,Econo Auto Sales Inc,3.6,208 ,15988,2011,117768
2011 BMW 335 i,48097,Grand Auto Sales,5.0,9 ,23880,2011,48097
2011 BMW 335 i,78365,Wm. L. Aurandt Auto Sales,4.8,17 ,18995,2011,78365
2008 BMW 335 i,173000,n/a,n/a,n/a,12000,2008,173000
2011 BMW 335 is,98602,1st Choice Auto Mall,n/a,0 ,16995,2011,98602
2007 BMW 335 i,241800,n/a,n/a,n/a,6900,2007,241800
2008 BMW 335 i,90939,Automotion sales,3.4,11 ,13497,2008,90939
2010 BMW 335 i,94710,Brightway Auto Sales,4.2,39 ,15900,2010,94710
2010 BMW 335 i,71360,Mazal Motors,4.1,38 ,15997,2010,71360
2011 BMW 335 is,73675,Painless Autos,5.0,7 ,19900,2011,73675
2010 BMW 335 i xDrive,94480,DSA Motor Sports Corp,3.9,4 ,15995,2010,94480
2009 BMW 335 i xDrive,173430,82nd Automall,1.4,14 ,6350,2009,173430
2008 BMW 335 xi,58750,VIP Auto House,5.0,1 ,17919,2008,58750
2009 BMW 335 i,94945,Autoamore,4.3,12 ,11499,2009,94945
2011 BMW 335 is,100000,n/a,n/a,n/a,18000,2011,100000
2011 BMW 335 is,84060,Legacy Motors of Akron,4.1,9 ,21500,2011,84060
2011 BMW 335 i,140000,Car Village,n/a,0 ,8999,2011,140000
2010 BMW 335 i xDrive,80379,Damas Auto LLC,3.3,13 ,13995,2010,80379
2011 BMW 335 i,82663,"RPM Motorcars, LLC.",4.6,22 ,18258,2011,82663
2008 BMW 335 xi,84516,n/a,n/a,n/a,19995,2008,84516
2008 BMW 335 i,116195,Texas Perfect Auto,3.1,13 ,6999,2008,116195
2011 BMW 335 is,103811,CarXoom,3.8,123 ,16995,2011,103811
2007 BMW 335 i,106705,Granite Auto Sales LLC,3.8,19 ,14995,2007,106705
2008 BMW 335 i,116966,Shift San Diego,4.3,49 ,12650,2008,116966
2008 BMW 335 i,92116,Siry Auto Group,4.9,469 ,13977,2008,92116
2011 BMW 335 i xDrive,111730,All In Auto Group,1.6,56 ,13950,2011,111730
2009 BMW 335 i xDrive,107312,Right Away Auto Sales,n/a,n/a,7995,2009,107312
2011 BMW 335 i,53566,Cox & Co. Motorcars,4.8,51 ,18990,2011,53566
2011 BMW 335 i,92554,GTX Auto Group INC,3.7,46 ,16997,2011,92554
2011 BMW 335 i,122198,High Class Auto Sales,1.0,1 ,16998,2011,122198
2007 BMW 335 i,121199,Suburban Ford of Waterford,4.6,"1,123 ",8818,2007,121199
2009 BMW 335 i,99000,TRED Private Seller (West LA),4.5,2 ,11500,2009,99000
2007 BMW 335 i,87000,n/a,n/a,n/a,11500,2007,87000
2009 BMW 335 i,145750,n/a,n/a,n/a,9800,2009,145750
2011 BMW 335 i,106178,HyperCars,5.0,2 ,16800,2011,106178
2011 BMW 335 i xDrive,125090,Chicago Auto Capital,5.0,5 ,11490,2011,125090
2011 BMW 335 i,136956,RPM Motors,3.6,7 ,11400,2011,136956
2010 BMW 335 d,126314,Hendrick Southpoint Auto Mall,4.8,789 ,15987,2010,126314
2011 BMW 335 i,93000,n/a,n/a,n/a,10995,2011,93000
2011 BMW 335 i,94277,King's Auto Group,4.6,11 ,16990,2011,94277
2007 BMW 335 i,126089,n/a,n/a,n/a,11000,2007,126089
2009 BMW 335 i,134618,Car Stars,3.7,9 ,8999,2009,134618
2009 BMW 335 i,143000,TRED Private Seller (West LA),4.5,2 ,12000,2009,143000
2007 BMW 335 i,81000,n/a,n/a,n/a,10500,2007,81000
2008 BMW 335 i,125934,n/a,n/a,n/a,11495,2008,125934
2011 BMW 335 i xDrive,80700,Alpha Autos,n/a,n/a,15649,2011,80700
2008 BMW 335 335i,136520,City Cars Warehouse,4.6,75 ,11995,2008,136520
2011 BMW 335 i,78288,Fastrack Auto Inc,n/a,0 ,18800,2011,78288
2008 BMW 335 i,87979,European Engineering,4.8,483 ,16995,2008,87979
2011 BMW 335 i,122939,High Class Auto Sales,1.0,1 ,13998,2011,122939
2009 BMW 335 i,80200,n/a,n/a,n/a,18000,2009,80200
2008 BMW 335 xi,47000,Precision Auto Sales,3.8,77 ,14245,2008,47000
2010 BMW 335 i,109526,Car Search USA,n/a,n/a,12885,2010,109526
2007 BMW 335 i,151432,Divan Auto Group,4.3,135 ,8890,2007,151432
2009 BMW 335 i,106188,n/a,n/a,n/a,11200,2009,106188
2010 BMW 335 i,123728,Euro Car Tech,n/a,n/a,12950,2010,123728
2008 BMW 335 i,53102,HiLine Motorsports LLC,4.9,200 ,20000,2008,53102
2011 BMW 335 335i,51208,Ernie's Auto Sales,4.3,24 ,19500,2011,51208
2008 BMW 335 i,80000,Sport Motive Auto Sales,n/a,0 ,13500,2008,80000
2009 BMW 335 i,81003,Central Motor Company,n/a,n/a,15999,2009,81003
2011 BMW 335 i xDrive,70984,Auto Galleria LLC,n/a,n/a,16488,2011,70984
2011 BMW 335 i,93950,Cherati Motors,3.6,19 ,Not Priced,2011,93950
2007 BMW 335 i,113000,n/a,n/a,n/a,8000,2007,113000
2007 BMW 335 i,114387,Cincinnati Automotive Group Inc,3.4,75 ,10999,2007,114387
2011 BMW 335 d,127083,Pinnacle Automotive Group,n/a,n/a,13995,2011,127083
2009 BMW 335 i,83302,Moto Zone Inc.,4.1,28 ,17995,2009,83302
2009 BMW 335 i,101800,TRED Private Seller (Indianapolis),n/a,n/a,14500,2009,101800
2008 BMW 335 i,139989,n/a,n/a,n/a,18500,2008,139989
2008 BMW 335 i,109650,n/a,n/a,n/a,12000,2008,109650
2011 BMW 335 i,98810,Tommy's 9th Street Auto,3.0,6 ,13999,2011,98810
2009 BMW 335 i,127661,Cars Trend LLC,3.4,17 ,9450,2009,127661
2011 BMW 335 i,148060,Texas Giants Automotive,n/a,0 ,11999,2011,148060
2008 BMW 335 i,158132,Enter Motors Group,4.4,26 ,10999,2008,158132
2011 BMW 335 i,73000,n/a,n/a,n/a,16500,2011,73000
2009 BMW 335 i xDrive,124950,Avon Auto Brokers,4.7,773 ,Not Priced,2009,124950
2008 BMW 335 i,76030,Suburban Ford of Ferndale,4.5,538 ,14000,2008,76030
2009 BMW 335 i,104168,Caspian Auto Motors,3.7,170 ,9231,2009,104168
2008 BMW 335 xi,119907,Auto World,4.7,100 ,Not Priced,2008,119907
2008 BMW 335 i,137294,Suburban Toyota of Farmington Hills,4.9,"1,332 ",Not Priced,2008,137294
2008 BMW 335 i,66128,BMW North Scottsdale,4.5,491 ,Not Priced,2008,66128
2008 BMW 335 i,83949,Alpha Motorsports Fredericksburg,4.6,"1,125 ",Not Priced,2008,83949
2011 BMW 335 i,50944,Carvana-Touchless Delivery To Your Home,4.2,"8,874 ",24590,2011,50944
2011 BMW 335 i xDrive,112222,Napleton's St. Louis Nissan,4.5,684 ,Not Priced,2011,112222
2008 BMW 335 i,83949,Alpha Motorsports Fredericksburg,4.6,"1,125 ",Not Priced,2008,83949
2008 BMW 335 i,66128,BMW North Scottsdale,4.5,491 ,Not Priced,2008,66128
2011 BMW 335 is,103877,Quantum Auto Sales,4.6,99 ,Not Priced,2011,103877
2009 BMW 335 i,91000,TRED Private Seller (Newark),n/a,n/a,11398,2009,91000
2011 BMW 335 335i xDrive,134644,Bloomington Chrysler Jeep Dodge RAM,4.7,447 ,10991,2011,134644
2011 BMW 335 i xDrive,86196,BMW of Bellevue,4.5,"1,444 ",17595,2011,86196
2011 BMW 335 d,112220,AVA Auto Sales,3.5,8 ,11495,2011,112220
2009 BMW 335 i,119382,Merced Auto World,n/a,n/a,12999,2009,119382
2007 BMW 335 i,96424,Cartina,2.4,18 ,7999,2007,96424
2009 BMW 335 i,105576,Motorworld,4.5,35 ,11599,2009,105576
2009 BMW 335 i,47405,Audi New Orleans,4.3,75 ,11499,2009,47405
2010 BMW 335 i xDrive,101095,"Calidad Motors, Inc",3.3,21 ,13990,2010,101095
2011 BMW 335 i xDrive,86523,Loyalty Volkswagen,4.6,205 ,16598,2011,86523
2011 BMW 335 i,64784,Fort Myers Mitsubishi,4.9,240 ,18006,2011,64784
2008 BMW 335 xi,107298,East Coast Auto Source,2.5,112 ,5595,2008,107298
2009 BMW 335 i,56114,Huggins Honda,4.8,"1,768 ",Not Priced,2009,56114
2010 BMW 335 i,97225,Hansel BMW,4.4,32 ,16500,2010,97225
2009 BMW 335 i,71866,Auto Republic Fullerton,3.6,51 ,13981,2009,71866
2008 BMW 335 xi,47000,n/a,n/a,n/a,24999,2008,47000
2009 BMW 335 i,175986,Topline Auto Brokers,4.0,1 ,Not Priced,2009,175986
2009 BMW 335 i,116844,Caspian Auto Motors,3.7,170 ,11306,2009,116844
2011 BMW 335 i,97551,AutoNation Chevrolet West Austin,4.5,579 ,15951,2011,97551
2008 BMW 335 xi,47000,n/a,n/a,n/a,24999,2008,47000
2009 BMW 335 i,175986,Topline Auto Brokers,4.0,1 ,Not Priced,2009,175986
2011 BMW 335 i,91454,Sexton's Car Collection,3.4,2 ,14640,2011,91454
2009 BMW 335 i,62523,TRED Private Seller (Seattle),4.7,3 ,10000,2009,62523
2007 BMW 335 i,95676,Lexus of Tampa Bay,4.6,"1,848 ",10897,2007,95676
2008 BMW 335 i,72040,Jet's Auto Sales,2.9,37 ,18995,2008,72040
2011 BMW 335 i xDrive,95456,Mercedes-Benz of Clearwater,4.5,369 ,Not Priced,2011,95456
2007 BMW 335 i,27222,BMW of Ridgefield,4.7,474 ,Not Priced,2007,27222
2010 BMW 335 i,95000,The Taverna Collection,4.0,254 ,13299,2010,95000
2008 BMW 335 xi,73300,U Car Connect,4.6,70 ,21977,2008,73300
2011 BMW 335 i xDrive,61604,Lakeside Chevrolet,4.5,843 ,16795,2011,61604
2010 BMW 335 i,59619,World Auto,3.8,41 ,19995,2010,59619
2011 BMW 335 i,40350,McGrath Lexus of Westmont,4.8,"1,887 ",25988,2011,40350
2009 BMW 335 i xDrive,122005,IRA Lexus of Manchester,4.8,"1,160 ",8999,2009,122005
2011 BMW 335 i xDrive,95794,Hermes Auto Sales Inc,4.0,5 ,14499,2011,95794
2007 BMW 335 i,148268,Jet Auto Group,4.1,13 ,Not Priced,2007,148268
2011 BMW 335 i,122314,Bud Clary Auburn Hyundai,4.2,427 ,13897,2011,122314
2008 BMW 335 i,71928,Lonnie's Autos,n/a,0 ,10950,2008,71928
2011 BMW 335 i,59642,AutoNation Chrysler Dodge Jeep Ram Katy,4.2,"1,163 ",19995,2011,59642
2011 BMW 335 i xDrive,105013,Randy Marion Chevrolet Buick Cadillac,4.4,260 ,13968,2011,105013
2007 BMW 335 i,153968,Fortis Auto Group,n/a,n/a,7990,2007,153968
2007 BMW 335 i,57238,Landmark Motors,4.6,120 ,15998,2007,57238
2009 BMW 335 i,200090,TRED Private Seller (LA),3.9,4 ,8999,2009,200090
2011 BMW 335 is,137666,AVA Auto Sales,3.5,8 ,11995,2011,137666
2009 BMW 335 i,117980,n/a,n/a,n/a,12000,2009,117980
2008 BMW 335 xi,106349,AutoNation Ford St. Petersburg,4.6,"1,325 ",12994,2008,106349
2008 BMW 335 xi,123466,Epic Motor Company,3.7,13 ,11676,2008,123466
2011 BMW 335 i,98761,82nd Automall,1.4,14 ,13995,2011,98761
2011 BMW 335 i,39830,CarMax Murrieta - Now offering Curbside Pickup and Home Delivery,3.3,3 ,20998,2011,39830
2011 BMW 335 i xDrive,111115,AMG Auto,3.7,371 ,12495,2011,111115
2007 BMW 335 i,98545,OC Auto Exchange,3.7,139 ,11999,2007,98545
2011 BMW 335 i,117358,Caspian Auto Motors,3.7,170 ,11825,2011,117358
2007 BMW 335 i,148957,Sky Rides Automotive Group,n/a,n/a,6995,2007,148957
2011 BMW 335 i xDrive,61618,"Guess Buick GMC / Guess Ford, Inc.",4.9,70 ,Not Priced,2011,61618
2011 BMW 335 i xDrive,74555,O'Meara Volkswagen of Thornton,4.5,696 ,18411,2011,74555
