Name,Mileage,Dealer Name,Rating,Rating Count,Price,Year
2011 BMW 335 i,"89,022",Frontline Motors,2.3,9 ,"16,998",2011
2011 BMW 335 i xDrive,"41,931",BMW of Ridgefield,4.7,472 ,"22,990",2011
2009 BMW 335 i,"82,481",Caspian Auto Motors,3.7,170 ,"13,620",2009
2011 BMW 335 i,"58,448",Carvana-Touchless Delivery To Your Home,4.3,"8,883 ","24,590",2011
2009 BMW 335 i,"42,344",Autowise,4.5,76 ,"18,688",2009
2008 BMW 335 335i,"96,939",Germain Toyota,4.6,"2,776 ","13,354",2008
2011 BMW 335 i,"112,774",Highline Imports,3.8,133 ,"12,500",2011
2011 BMW 335 i,"48,882",Loveland Ford Lincoln,4.6,"1,318 ","21,615",2011
2008 BMW 335 i,"69,835",RPM Motors,3.6,7 ,"14,900",2008
2011 BMW 335 i,"46,681",Gulf Coast Auto Brokers of Sarasota,4.1,84 ,"20,995",2011
2011 BMW 335 i,"77,891","Naryan Auto Group, Inc.",4.8,161 ,"15,772",2011
2009 BMW 335 i,"99,924",Cox & Co. Motorcars,4.8,50 ,"14,990",2009
2007 BMW 335 i,"74,400",Houston Direct Auto,4.2,890 ,"12,991",2007
2010 BMW 335 i,"108,749",RPM Motors,3.6,7 ,"14,900",2010
2011 BMW 335 i,"86,050",AutoWits,4.8,125 ,"18,798",2011
2009 BMW 335 i,"93,000",TRED Private Seller (Portland),3.0,9 ,"11,500",2009
2011 BMW 335 i xDrive,"95,518",Mayo Autos Inc.,4.7,88 ,"14,770",2011
2011 BMW 335 i,"125,681",Greenway Ford,4.6,"3,272 ","11,085",2011
2007 BMW 335 xi,"67,057",Beverly Hills Auto Group,4.6,87 ,"11,950",2007
2011 BMW 335 i xDrive,"50,123",Carvana-Touchless Delivery To Your Home,4.2,"8,866 ","21,990",2011
2011 BMW 335 i,"64,329",Loveland Ford Lincoln,4.6,"1,318 ","20,459",2011
2008 BMW 335 i,"90,251",Jet's Auto Sales,2.9,37 ,"16,995",2008
2009 BMW 335 i,"115,849",Austin Direct Auto Sales,3.7,72 ,"12,900",2009
2009 BMW 335 i,"60,803",Carvana-Touchless Delivery To Your Home,4.2,"8,854 ","20,990",2009
2011 BMW 335 i,"73,025",Fitzgerald Toyota Gaithersburg,4.7,919 ,"18,595",2011
2010 BMW 335 i,"122,793",Ourisman Ford of Manassas,3.9,309 ,"13,500",2010
2009 BMW 335 i,"112,783",High Class Auto Sales,1.0,1 ,"12,998",2009
2011 BMW 335 i,"76,105",BMW of Sarasota,4.7,"8,792 ","25,992",2011
2007 BMW 335 i,"127,501",Haus of Imports,4.5,16 ,"11,400",2007
2010 BMW 335 d,"78,300",n/a,n/a,n/a,"18,500",2010
2011 BMW 335 i,"90,870",Guarantee Auto Maxx,4.0,23 ,"14,995",2011
2009 BMW 335 i xDrive,"116,378",Indy Wholesale Direct,4.6,448 ,"13,995",2009
2011 BMW 335 i xDrive,"87,605",Ally Motors,4.2,85 ,"13,999",2011
2011 BMW 335 i xDrive,"130,441",Car Expo US Inc,5.0,1 ,"11,600",2011
2011 BMW 335 i,"143,000",AutoNation USA Katy,4.4,252 ,"10,983",2011
2009 BMW 335 i,"96,867",Select Motor Auto Sales,4.7,15 ,"19,988",2009
2008 BMW 335 i,"134,246",Quality Motorcars,3.7,44 ,"9,995",2008
2011 BMW 335 i,"34,886",Carvana-Touchless Delivery To Your Home,4.2,"8,855 ","26,990",2011
2009 BMW 335 i xDrive,"108,000",Dan Martin's Auto Depot,5.0,9 ,"14,500",2009
2010 BMW 335 i,"37,649",Shift Bay Area,3.6,136 ,"22,450",2010
2011 BMW 335 i,"34,523",Carvana-Touchless Delivery To Your Home-EL Mirage,4.2,"8,854 ","27,990",2011
2008 BMW 335 i,"74,640",United Motors,2.6,15 ,"19,999",2008
2007 BMW 335 i,"110,000",n/a,n/a,n/a,"13,000",2007
2008 BMW 335 i,"120,000",n/a,n/a,n/a,"8,000",2008
2011 BMW 335 i,"65,365",Carvana-Touchless Delivery To Your Home,4.2,"8,854 ","21,990",2011
2011 BMW 335 d,"67,495",Carvana-Touchless Delivery To Your Home,4.2,"8,854 ","18,590",2011
2011 BMW 335 i,"43,174",Carvana-Touchless Delivery To Your Home,4.2,"8,855 ","26,590",2011
2011 BMW 335 i xDrive,"123,627",Inter Auto,4.2,16 ,"11,999",2011
2011 BMW 335 i,"49,645",Carvana-Touchless Delivery To Your Home,4.2,"8,856 ","24,990",2011
2011 BMW 335 is,"95,921",Trimax Auto Group,4.8,5 ,"21,995",2011
2008 BMW 335 i,"75,583",Geneva Foreign & Sports,4.3,161 ,"16,995",2008
2011 BMW 335 is,"62,515",Vroom - Get It Delivered Nationwide,3.6,"8,439 ","25,999",2011
2008 BMW 335 xi,"85,060",Auto House Motors,3.6,49 ,"11,990",2008
2010 BMW 335 d,"133,454",AutoNation Toyota Irvine,4.4,"1,766 ","13,595",2010
2008 BMW 335 i,"74,581",Auto Haus on Velp,4.9,733 ,"17,776",2008
2009 BMW 335 i,"112,988",Titanium International Motors LLC,4.2,5 ,"11,490",2009
2011 BMW 335 i,"76,696",Carvana-Touchless Delivery To Your Home,4.2,"8,856 ","20,990",2011
2011 BMW 335 i,"73,271",Vroom - Get It Delivered Nationwide,3.6,"8,440 ","19,999",2011
2007 BMW 335 xi,"125,248",Jet's Auto Sales,2.9,37 ,"8,995",2007
2008 BMW 335 i,"76,485",OC Auto Exchange,3.7,139 ,"11,999",2008
2011 BMW 335 i xDrive,"109,047",Inter Auto,4.2,16 ,"13,499",2011
2010 BMW 335 d,"137,617",QLD Auto Inc.,1.0,5 ,"10,999",2010
2008 BMW 335 i,"70,295",Weston Auto Gallery,4.7,126 ,"16,480",2008
2011 BMW 335 i,"44,568",Carvana-Touchless Delivery To Your Home,4.2,"8,854 ","25,990",2011
2011 BMW 335 is,"123,654",Autoamore,4.3,12 ,"15,999",2011
2008 BMW 335 i,"79,583",Auto Park Dallas,4.1,44 ,"19,995",2008
2008 BMW 335 i,"86,797",Southwest Kia of Rockwall,1.0,2 ,"15,593",2008
2011 BMW 335 i xDrive,"70,984",Auto Galleria LLC,n/a,n/a,"16,488",2011
2008 BMW 335 i,"62,045",Jet's Auto Sales,2.9,37 ,"16,995",2008
2008 BMW 335 i,"92,116",Siry Auto Group,4.9,469 ,"13,977",2008
2011 BMW 335 i,"86,934",Beaverton Car Company,4.1,137 ,"16,500",2011
2011 BMW 335 i,"81,197",Shift Seattle,3.7,5 ,"17,950",2011
2008 BMW 335 i,"61,549",MDK International,4.0,95 ,"17,990",2008
2011 BMW 335 i,"115,457",Marin Imports,3.6,9 ,"14,000",2011
2010 BMW 335 i,"71,360",Mazal Motors,4.1,38 ,"15,997",2010
2011 BMW 335 is,"67,633",MAG Motor Company,2.7,7 ,"21,995",2011
2011 BMW 335 d,"114,633",MAG Motor Company,2.7,7 ,"13,995",2011
2008 BMW 335 i,"86,570",Siry Auto Group,4.9,469 ,"14,999",2008
2011 BMW 335 i xDrive,"123,473",Germain Lexus of Dublin,4.7,349 ,"14,953",2011
2008 BMW 335 i,"91,216",Auto Gallery Chicago,3.8,89 ,"11,890",2008
2008 BMW 335 i,"83,016",Jet's Auto Sales,2.9,37 ,"16,995",2008
2008 BMW 335 i,"96,381",Performance Honda,4.7,"1,179 ","12,986",2008
2011 BMW 335 i xDrive,"91,652",Hillsboro Auto Mart Inc,2.4,23 ,"19,999",2011
2009 BMW 335 i,"78,592",Carvana-Touchless Delivery To Your Home-Dickinson,n/a,n/a,"16,990",2009
2008 BMW 335 335xi,"127,331",Journey Auto Sales,4.4,25 ,"10,597",2008
2009 BMW 335 i xDrive,"126,661",Main Street Motors,4.6,23 ,"12,850",2009
2011 BMW 335 i,"63,328",International Autohaus,3.6,8 ,"21,850",2011
2011 BMW 335 i xDrive,"136,659",Automotion sales,3.4,11 ,"11,987",2011
2007 BMW 335 xi,"120,741",Rolls-Royce Motor Cars Raleigh,4.5,81 ,"11,988",2007
2008 BMW 335 i,"49,486",Jet's Auto Sales,2.9,37 ,"18,995",2008
2008 BMW 335 i,"160,600",Starfire Auto Inc.,4.5,79 ,"7,990",2008
2011 BMW 335 d,"115,000",AutoNation Toyota Arapahoe,4.5,"2,230 ","12,998",2011
2009 BMW 335 335i,"109,247",Performance Motors,5.0,13 ,"10,999",2009
2008 BMW 335 i,"172,907",Automax Shawnee Auto Sales,1.9,5 ,"6,979",2008
2007 BMW 335 i,"76,433",Starfire Auto Inc.,4.5,79 ,"12,990",2007
2011 BMW 335 d,"110,225",Ultimate Autoline,4.5,11 ,"13,995",2011
2008 BMW 335 i,"99,664",Whitaker Sports and Import Cars,4.2,5 ,"12,990",2008
2011 BMW 335 i xDrive,"100,669",PHD AUTO GROUP,5.0,11 ,"13,997",2011
2008 BMW 335 i,"116,966",Shift San Diego,4.3,49 ,"12,950",2008
2008 BMW 335 i,"76,000",n/a,n/a,n/a,"12,000",2008
2008 BMW 335 i,"93,961",GTX Auto Group INC,3.7,46 ,"14,997",2008
2010 BMW 335 i xDrive,"109,811",Williams Service Center,n/a,n/a,"12,974",2010
2011 BMW 335 i,"148,060",Texas Giants Automotive,n/a,0 ,"11,999",2011
2011 BMW 335 i xDrive,"61,136",Shift Seattle,3.7,5 ,"18,950",2011
2008 BMW 335 i,"105,000",Carplex,3.8,19 ,"16,995",2008
2011 BMW 335 i,"106,178",HyperCars,5.0,2 ,"16,800",2011
2011 BMW 335 d,"124,353",Top Quality Auto Sales,3.1,14 ,"11,995",2011
2011 BMW 335 d,"127,083",Pinnacle Automotive Group,n/a,n/a,"13,995",2011
2011 BMW 335 i,"89,926",Ferco Motors,3.4,48 ,"16,899",2011
2007 BMW 335 i,"114,653",D & M Auto Sales,3.5,1 ,"7,995",2007
2009 BMW 335 i xDrive,"43,604",Jet's Auto Sales,2.9,37 ,"21,995",2009
2009 BMW 335 i,"60,999",Performance Motorcars of CT,n/a,0 ,"18,995",2009
2007 BMW 335 i,"60,628",East County Preowned Superstore,4.7,359 ,"17,888",2007
2011 BMW 335 i xDrive,"117,768",Econo Auto Sales Inc,3.6,206 ,"15,988",2011
2011 BMW 335 i xDrive,"111,730",All In Auto Group,1.6,56 ,"13,950",2011
2007 BMW 335 i,"69,607",Marin Imports,3.6,9 ,"16,900",2007
2011 BMW 335 i,"140,000",Car Village,n/a,0 ,"8,999",2011
2008 BMW 335 i,"90,939",Automotion sales,3.4,11 ,"13,497",2008
2008 BMW 335 i,"158,132",Enter Motors Group,4.4,26 ,"10,999",2008
2010 BMW 335 335i,"112,254","Powers Motorsports, LLC.",n/a,n/a,"14,950",2010
2010 BMW 335 335i,"112,254","Powers Motorsports, LLC.",n/a,n/a,"14,950",2010
2011 BMW 335 i,"78,288",Fastrack Auto Inc,n/a,0 ,"18,800",2011
2008 BMW 335 xi,"58,750",VIP Auto House,5.0,1 ,"17,919",2008
2007 BMW 335 i,"180,000",TRED Private Seller (Detroit),n/a,n/a,"5,929",2007
2008 BMW 335 i,"175,339",Hagan Automotive,4.3,6 ,"10,975",2008
2008 BMW 335 xi,"160,000",n/a,n/a,n/a,"7,700",2008
2009 BMW 335 i xDrive,"99,099",Jet's Auto Sales,2.9,37 ,"16,995",2009
2007 BMW 335 xi,"140,000",TRED Private Seller (Portland),3.0,9 ,"7,099",2007
2007 BMW 335 i,"86,000",n/a,n/a,n/a,"9,500",2007
2010 BMW 335 i xDrive,"78,779",Auto Trader Wholesale,3.4,23 ,"15,995",2010
2009 BMW 335 i,"145,750",n/a,n/a,n/a,"9,800",2009
2009 BMW 335 i xDrive,"90,000",n/a,n/a,n/a,"15,000",2009
2007 BMW 335 i,"81,150",Carvici,4.7,35 ,"14,495",2007
2008 BMW 335 i,"75,870",Lot 99,1.5,18 ,"14,995",2008
2011 BMW 335 i,"73,839",Mega Auto Outlet,2.1,47 ,"13,995",2011
2007 BMW 335 i,"113,294",CarWorld,3.1,83 ,"8,495",2007
2010 BMW 335 i xDrive,"118,771",United Motors,2.6,15 ,"15,999",2010
2011 BMW 335 i xDrive,"98,463",Vehicle City Motors,2.1,8 ,"17,950",2011
2008 BMW 335 335i,"136,520",City Cars Warehouse,4.6,74 ,"11,995",2008
2011 BMW 335 i,"54,759",MAG Motor Company,2.7,7 ,"19,995",2011
2007 BMW 335 i,"84,189",All In Auto Group,1.6,56 ,"13,950",2007
2009 BMW 335 i xDrive,"128,653",Auto Trader Wholesale,3.4,23 ,"7,995",2009
2011 BMW 335 i,"122,939",High Class Auto Sales,1.0,1 ,"13,998",2011
2011 BMW 335 i,"82,774",Carvana-Touchless Delivery To Your Home-Poolesville,n/a,n/a,"16,990",2011
2009 BMW 335 i,"32,753",Carvana-Touchless Delivery To Your Home,4.2,"8,854 ","21,590",2009
2011 BMW 335 i,"74,970",n/a,n/a,n/a,"21,500",2011
2011 BMW 335 i xDrive,"86,063",Picasso Imports,n/a,n/a,"15,210",2011
2011 BMW 335 i,"82,663","RPM Motorcars, LLC.",4.6,22 ,"18,258",2011
2011 BMW 335 i,"128,925",Loudoun Used Cars,4.6,74 ,"12,499",2011
2009 BMW 335 i,"110,000",n/a,n/a,n/a,"11,900",2009
2009 BMW 335 i,"74,690",Carvana-Touchless Delivery To Your Home-Bangor,n/a,n/a,"16,990",2009
2011 BMW 335 i,"58,606",Carvana-Touchless Delivery To Your Home,4.2,"8,856 ","20,990",2011
2011 BMW 335 i,"101,407",Cave Creek Jabers Auto Sales,4.0,9 ,"18,995",2011
2011 BMW 335 is,"63,000",n/a,n/a,n/a,"28,500",2011
2011 BMW 335 i xDrive,"53,089",International Auto Outlet,3.7,182 ,"18,995",2011
2011 BMW 335 i,"64,455",n/a,n/a,n/a,"20,300",2011
2011 BMW 335 i,"93,750",High Class Auto Sales,1.0,1 ,"13,998",2011
2009 BMW 335 i,"53,771",Jet's Auto Sales,2.9,37 ,"18,995",2009
2008 BMW 335 i,"113,815",United Motors,2.6,15 ,"16,999",2008
2008 BMW 335 xi,"77,800",Colorado Auto Finders,4.4,393 ,"15,990",2008
2011 BMW 335 is,"107,210","Golden Auto Group, Inc",3.5,28 ,"18,999",2011
2007 BMW 335 i,"101,887",Jet's Auto Sales,2.9,37 ,"14,995",2007
2007 BMW 335 i,"129,857",Singh Auto Sales,n/a,n/a,"9,999",2007
2009 BMW 335 i,"73,224",Carvana-Touchless Delivery To Your Home,4.2,"8,855 ","16,990",2009
2011 BMW 335 i,"39,558",n/a,n/a,n/a,"23,000",2011
2011 BMW 335 i,"93,000",n/a,n/a,n/a,"10,995",2011
2011 BMW 335 i,"75,170",Das Auto LLC,5.0,4 ,"16,900",2011
2007 BMW 335 i,"39,963",Jet's Auto Sales,2.9,37 ,"22,995",2007
2007 BMW 335 i,"96,424",Cartina,2.5,17 ,"7,999",2007
2011 BMW 335 i,"71,905",Balkan Motors,4.0,23 ,"29,995",2011
2011 BMW 335 i,"69,900",n/a,n/a,n/a,"19,995",2011
2011 BMW 335 is,"84,060",Legacy Motors of Akron,4.1,9 ,"21,500",2011
2009 BMW 335 i xDrive,"61,300",n/a,n/a,n/a,"17,495",2009
2011 BMW 335 i xDrive,"66,227",Champion Auto Sales,4.8,60 ,"14,988",2011
2009 BMW 335 i xDrive,"96,000",n/a,n/a,n/a,"17,500",2009
2009 BMW 335 i,"99,000",TRED Private Seller (West LA),4.5,2 ,"12,000",2009
2007 BMW 335 i,"160,003",United Motors,2.6,15 ,"9,999",2007
2011 BMW 335 i,"87,337",Divine Motors,n/a,n/a,"15,699",2011
2011 BMW 335 i xDrive,"89,720",LaFontaine Ford Birch Run,4.0,64 ,"16,544",2011
2011 BMW 335 i,"94,172",n/a,n/a,n/a,"15,100",2011
2011 BMW 335 i,"122,198",High Class Auto Sales,1.0,1 ,"16,998",2011
2011 BMW 335 is,"103,811",CarXoom,3.8,123 ,"17,995",2011
2011 BMW 335 i,"66,348",Mint Motors,4.1,13 ,"25,800",2011
2011 BMW 335 i xDrive,"73,237",Shift Portland,2.3,7 ,"14,950",2011
2011 BMW 335 is,"40,506",Highline Imports,3.8,133 ,"28,500",2011
2009 BMW 335 335i xDrive,"76,450",Imports Collection Inc.,5.0,14 ,"17,885",2009
2011 BMW 335 i,"92,787",Highline Imports,3.8,133 ,"17,500",2011
2009 BMW 335 i,"143,000",TRED Private Seller (West LA),4.5,2 ,"12,000",2009
2011 BMW 335 is,"105,115","Golden Auto Group, Inc",3.5,28 ,"18,999",2011
2011 BMW 335 i xDrive,"104,011",DM Motors LLC,2.4,3 ,"18,995",2011
2011 BMW 335 i,"36,038",Carvana-Touchless Delivery To Your Home,4.2,"8,854 ","24,990",2011
2011 BMW 335 i,"85,544",Vehicle Warehouse,4.0,4 ,"16,990",2011
2007 BMW 335 i,"180,000",TRED Private Seller (Cleveland),n/a,n/a,"10,000",2007
2011 BMW 335 i xDrive,"97,773",Williams Service Center,n/a,n/a,"17,426",2011
2008 BMW 335 i,"80,000",Sport Motive Auto Sales,n/a,n/a,"13,500",2008
2011 BMW 335 i xDrive,"97,355",MB Motors - Bellingham,4.1,32 ,"13,500",2011
2011 BMW 335 i,"48,097",Grand Auto Sales,5.0,9 ,"23,880",2011
2011 BMW 335 i,"78,365",Wm. L. Aurandt Auto Sales,4.8,17 ,"18,995",2011
2007 BMW 335 i,"122,774",Starfire Auto Inc.,4.5,79 ,"9,980",2007
2008 BMW 335 i,"173,000",n/a,n/a,n/a,"12,000",2008
2011 BMW 335 is,"98,602",1st Choice Auto Mall,n/a,0 ,"16,995",2011
2007 BMW 335 i,"241,800",n/a,n/a,n/a,"6,900",2007
2011 BMW 335 i xDrive,"107,242",ETHIO Motors,4.5,43 ,"17,999",2011
2010 BMW 335 i,"94,710",Brightway Auto Sales,4.2,39 ,"15,900",2010
2011 BMW 335 is,"73,675",Painless Autos,5.0,7 ,"19,900",2011
2011 BMW 335 i,"96,412",Luxury Cars of Ft Lauderdale,1.0,1 ,"16,499",2011
2010 BMW 335 i xDrive,"94,480",DSA Motor Sports Corp,3.9,4 ,"15,995",2010
2009 BMW 335 i xDrive,"173,430",82nd Automall,1.4,13 ,"6,350",2009
2009 BMW 335 i,"106,188",n/a,n/a,n/a,"11,200",2009
2009 BMW 335 i,"94,945",Autoamore,4.3,12 ,"11,499",2009
2011 BMW 335 i,"73,000",n/a,n/a,n/a,"16,500",2011
2011 BMW 335 i,"136,956",RPM Motors,3.6,7 ,"11,400",2011
2011 BMW 335 is,"100,000",n/a,n/a,n/a,"18,000",2011
2007 BMW 335 i,"120,000",n/a,n/a,n/a,"10,500",2007
2011 BMW 335 i,"51,553",North Bay Imports,4.5,136 ,"22,444",2011
2009 BMW 335 i,"81,003",Central Motor Company,n/a,n/a,"15,999",2009
2010 BMW 335 i xDrive,"80,379",Damas Auto LLC,3.3,13 ,"13,995",2010
2010 BMW 335 i,"125,009",M&B Auto Group,3.1,40 ,"14,995",2010
2011 BMW 335 i,"58,800",n/a,n/a,n/a,"22,499",2011
2008 BMW 335 xi,"84,516",n/a,n/a,n/a,"19,995",2008
2008 BMW 335 i,"116,195",Texas Perfect Auto,3.1,13 ,"6,999",2008
2008 BMW 335 i,"80,636",Starfire Auto Inc.,4.5,79 ,"9,980",2008
2008 BMW 335 i,"109,650",n/a,n/a,n/a,"12,000",2008
2007 BMW 335 i,"106,705",Granite Auto Sales LLC,3.8,19 ,"14,995",2007
2011 BMW 335 i,"58,164",Online Automotive,4.8,58 ,"21,980",2011
2011 BMW 335 i,"53,566",Cox & Co. Motorcars,4.8,50 ,"18,990",2011
2011 BMW 335 i,"92,554",GTX Auto Group INC,3.7,46 ,"16,997",2011
2008 BMW 335 i,"117,096",The Car House,3.3,73 ,"10,995",2008
2007 BMW 335 i,"121,199",Suburban Ford of Waterford,4.6,"1,122 ","8,828",2007
2008 BMW 335 xi,"95,829",Autopik,4.1,84 ,"12,195",2008
2007 BMW 335 i,"131,000",n/a,n/a,n/a,"9,500",2007
2011 BMW 335 i xDrive,"125,090",Chicago Auto Capital,5.0,5 ,"11,890",2011
2011 BMW 335 i,"188,296",Excalibur Auto Sales,3.5,8 ,"8,777",2011
2011 BMW 335 is,"114,634",TX Auto Group,4.2,90 ,"19,495",2011
2008 BMW 335 i,"117,561",Globul,n/a,0 ,"12,900",2008
2010 BMW 335 i,"73,771",Plymouth Auto Sales,4.7,26 ,"17,999",2010
2010 BMW 335 d,"126,314",Hendrick Southpoint Auto Mall,4.8,785 ,"15,987",2010
2007 BMW 335 xi,"139,924",Springs Auto Sales,2.0,1 ,"7,495",2007
2009 BMW 335 i xDrive,"115,255",ADI Autosport,4.4,56 ,"13,995",2009
2009 BMW 335 d,"91,849",Vehicle Warehouse,4.0,4 ,"14,490",2009
2011 BMW 335 i,"94,277",King's Auto Group,4.6,11 ,"16,990",2011
2007 BMW 335 i,"126,089",n/a,n/a,n/a,"11,000",2007
2007 BMW 335 i,"81,000",n/a,n/a,n/a,"11,000",2007
2009 BMW 335 i,"101,800",TRED Private Seller (Indianapolis),n/a,n/a,"14,500",2009
2008 BMW 335 i,"125,934",n/a,n/a,n/a,"11,495",2008
2011 BMW 335 i xDrive,"80,700",Alpha Autos,n/a,n/a,"15,649",2011
2009 BMW 335 i,"103,200",Euro-Asian Cars,4.8,28 ,"13,900",2009
2008 BMW 335 i,"87,979",European Engineering,4.8,483 ,"16,995",2008
2008 BMW 335 i,"86,280",Avon Auto Brokers,4.7,770 ,"18,995",2008
2009 BMW 335 i,"179,936",Birmingham Auto Auction,n/a,n/a,"6,500",2009
2010 BMW 335 i,"109,526",Car Search USA,n/a,n/a,"12,885",2010
2011 BMW 335 i,"51,820",Authentic Auto Sales,4.3,13 ,"19,990",2011
2007 BMW 335 i,"151,432",Divan Auto Group,4.3,134 ,"8,890",2007
2009 BMW 335 i,"108,651",CarYou,n/a,n/a,"9,999",2009
2010 BMW 335 i,"123,728",Euro Car Tech,n/a,n/a,"12,950",2010
2011 BMW 335 i,"71,378",Carvana-Touchless Delivery To Your Home,4.2,"8,862 ","21,990",2011
2007 BMW 335 i,"87,000",n/a,n/a,n/a,"11,500",2007
2010 BMW 335 i,"46,545",Select Motor Cars,4.5,31 ,"23,895",2010
2007 BMW 335 i,"124,337",Garden State Motors,n/a,n/a,"7,995",2007
2008 BMW 335 i,"53,102",HiLine Motorsports LLC,4.9,200 ,"20,000",2008
2011 BMW 335 335i,"51,208",Ernie's Auto Sales,4.3,24 ,"19,500",2011
2009 BMW 335 i,"80,200",n/a,n/a,n/a,"18,000",2009
2007 BMW 335 i,"113,000",n/a,n/a,n/a,"8,000",2007
2011 BMW 335 i,"36,046",Carvana-Touchless Delivery To Your Home,4.2,"8,861 ","21,990",2011
2009 BMW 335 i,"83,302",Moto Zone Inc.,4.1,28 ,"17,995",2009
2008 BMW 335 i,"139,989",n/a,n/a,n/a,"18,500",2008
2009 BMW 335 i,"127,661",Cars Trend LLC,3.4,17 ,"9,450",2009
2009 BMW 335 i,"134,618",Car Stars,3.7,9 ,"8,999",2009
2007 BMW 335 i,"117,000",n/a,n/a,n/a,"12,000",2007
2011 BMW 335 d,"122,029",JD Motors,4.0,53 ,"16,998",2011
2011 BMW 335 i,"50,375",Carvana-Touchless Delivery To Your Home,4.2,"8,854 ","21,990",2011
2007 BMW 335 i,"148,268",Jet Auto Group,4.1,13 ,Not Priced,2007
2011 BMW 335 i,"98,761",82nd Automall,1.4,13 ,"13,995",2011
2009 BMW 335 i xDrive,"199,313",WBM of Arlington,3.8,155 ,"6,995",2009
2009 BMW 335 i,"117,980",n/a,n/a,n/a,"12,000",2009
2011 BMW 335 i,"117,358",Caspian Auto Motors,3.7,170 ,"11,694",2011
2011 BMW 335 is,"137,666",AVA Auto Sales,3.5,8 ,"11,995",2011
2011 BMW 335 i,"122,314",Bud Clary Auburn Hyundai,4.2,427 ,"13,897",2011
2009 BMW 335 i xDrive,"137,395",Taylor KIA of Boardman,4.7,808 ,"7,500",2009
2008 BMW 335 i,"71,928",Lonnie's Autos,n/a,0 ,"10,950",2008
2008 BMW 335 i,"71,928",Lonnie's Autos,n/a,0 ,"10,950",2008
2011 BMW 335 is,"137,666",AVA Auto Sales,3.5,8 ,"11,995",2011
2007 BMW 335 i,"148,957",Sky Rides Automotive Group,n/a,n/a,"6,995",2007
2010 BMW 335 i,"49,750",Shift Dallas,n/a,0 ,"19,950",2010
2011 BMW 335 i,"98,810",Tommy's 9th Street Auto,3.0,6 ,"13,999",2011
2011 BMW 335 i,"90,610",Breakaway Honda,4.8,"1,657 ","14,473",2011
2009 BMW 335 i,"200,090",TRED Private Seller (LA),3.9,4 ,"8,999",2009
2010 BMW 335 i xDrive,"81,934",Auto Holding 46,3.9,88 ,Not Priced,2010
2011 BMW 335 i xDrive,"48,248",Carvana-Touchless Delivery To Your Home,4.2,"8,854 ","22,990",2011
2009 BMW 335 i,"175,986",Topline Auto Brokers,4.0,1 ,Not Priced,2009
2008 BMW 335 xi,"47,000",n/a,n/a,n/a,"24,999",2008
2009 BMW 335 i,"116,844",Caspian Auto Motors,3.7,170 ,"11,503",2009
2011 BMW 335 i,"97,551",AutoNation Chevrolet West Austin,4.5,573 ,"15,951",2011
2009 BMW 335 i xDrive,"107,312",Right Away Auto Sales,n/a,n/a,"7,995",2009
2011 BMW 335 i,"91,454",Sexton's Car Collection,3.4,2 ,"14,640",2011
2009 BMW 335 i xDrive,"90,496",Asal Motors,4.0,43 ,"12,991",2009
2010 BMW 335 i,"114,336",Caspian Auto Motors,3.7,170 ,"13,072",2010
2007 BMW 335 i,"91,008",AutoNation Chrysler Dodge Jeep Ram Bellevue,4.4,647 ,"13,998",2007
2008 BMW 335 i,"57,605",Car2Sell,4.7,445 ,"12,900",2008
2011 BMW 335 i xDrive,"63,399","Fort Collins Dodge, Chrysler, Jeep, RAM",4.5,429 ,"16,995",2011
2010 BMW 335 i,"95,000",The Taverna Collection,3.9,243 ,Not Priced,2010
2007 BMW 335 i,"91,008",AutoNation Chrysler Dodge Jeep Ram Bellevue,4.4,647 ,"13,998",2007
2007 BMW 335 i,"129,290",Duval Ford,4.8,"2,569 ","7,000",2007
2011 BMW 335 i xDrive,"112,597",Shift Los Angeles,3.8,89 ,"16,950",2011
2007 BMW 335 i,"111,555",Jake Sweeney Kia Fiat,4.1,107 ,Not Priced,2007
2010 BMW 335 d,"105,277",Chrysler Dodge Jeep Ram of Seattle,4.6,531 ,"12,788",2010
2009 BMW 335 i,"62,523",TRED Private Seller (Seattle),4.7,3 ,"10,000",2009
2010 BMW 335 d,"78,449",Netto Motors,3.8,11 ,"15,950",2010
2011 BMW 335 i xDrive,"63,399","Fort Collins Dodge, Chrysler, Jeep, RAM",4.5,429 ,"16,995",2011
2011 BMW 335 i xDrive,"131,030",Main Street Motors,4.6,277 ,"10,295",2011
2010 BMW 335 i,"63,357",Fares Auto Sales,3.9,19 ,"19,998",2010
2008 BMW 335 i,"76,030",Suburban Ford of Ferndale,4.5,538 ,"14,000",2008
2009 BMW 335 i,"104,168",Caspian Auto Motors,3.7,170 ,"9,385",2009
2009 BMW 335 i,"96,919",Pary's Auto Sales,3.3,41 ,Not Priced,2009
2010 BMW 335 i,"117,420",RPM Garage,3.8,10 ,"12,991",2010
2011 BMW 335 d,"54,410",Kuni BMW,4.7,"1,375 ","17,997",2011
2010 BMW 335 i,"110,000",Car Village,n/a,0 ,"9,999",2010
2008 BMW 335 i,"131,231",Caspian Auto Motors,3.7,170 ,"8,794",2008
2011 BMW 335 i xDrive,"126,075",Carrva,4.9,93 ,"13,495",2011
2008 BMW 335 xi,"47,000",Precision Auto Sales,3.8,77 ,"14,245",2008
2009 BMW 335 i xDrive,"100,734",Auto Boutique,4.5,421 ,"12,500",2009
2009 BMW 335 i,"74,850",Thompson Lexus Doylestown,4.4,144 ,"14,995",2009
2008 BMW 335 xi,"119,907",Auto World,4.7,100 ,Not Priced,2008
2008 BMW 335 i,"49,711",BMW of Little Rock,4.8,780 ,"15,790",2008
2010 BMW 335 i,"136,327",Walser Subaru St. Paul,3.7,12 ,"10,998",2010
2011 BMW 335 is,"64,100",Alphamotive Motors LLC,n/a,n/a,"31,900",2011
2011 BMW 335 is,"95,552",Grayson BMW,4.3,299 ,Not Priced,2011
2008 BMW 335 i,0,BMW North Scottsdale,4.5,490 ,Not Priced,2008
2009 BMW 335 i,"105,576",Motorworld,4.5,35 ,"11,599",2009
2011 BMW 335 d,"112,220",AVA Auto Sales,3.5,8 ,"11,495",2011
2008 BMW 335 xi,"107,298",East Coast Auto Source,2.5,112 ,"5,595",2008
2011 BMW 335 i,"87,435",AutoNation Ford South Fort Worth,4.7,632 ,"15,985",2011
2009 BMW 335 i,"119,382",Merced Auto World,n/a,n/a,"12,999",2009
2011 BMW 335 i xDrive,"86,196",BMW of Bellevue,4.5,"1,422 ","17,595",2011
2011 BMW 335 i,"51,856",Cronin CDJR,4.7,5 ,"18,900",2011
2011 BMW 335 is,"103,877",Quantum Auto Sales,4.6,99 ,Not Priced,2011
2011 BMW 335 335i xDrive,"134,644",Bloomington Chrysler Jeep Dodge RAM,4.7,447 ,"10,991",2011
2009 BMW 335 i,"47,405",Audi New Orleans,4.3,75 ,"11,499",2009
2007 BMW 335 i,"107,784",Vande Hey Brantmeier Chevrolet Buick,4.8,218 ,"10,998",2007
2009 BMW 335 i,"104,652",Luxury Car Outlet,4.4,46 ,Not Priced,2009
2011 BMW 335 is,"100,198",All In Auto Group,1.6,56 ,"15,950",2011
2011 BMW 335 i xDrive,"102,293",Auto Mall of Springfield,3.1,206 ,"12,995",2011
